{"epoch": 1, "loss": 1.0273609161376953, "_timestamp": 1696408223.755744, "_runtime": 315.4884510040283, "_step": 49999, "_wandb": {"runtime": 314}}