{"epoch": 1, "loss": 0.6668058633804321, "_timestamp": 1696407743.8971457, "_runtime": 248.16760277748108, "_step": 37077}