{"epoch": 0, "loss": 1.1736595630645752, "_timestamp": 1696407887.9621575, "_runtime": 128.48895359039307, "_step": 19404}